"Reference","Value","Footprint","Datasheet","Qty","DNP","Exclude from BOM","Exclude from Board"
"C3,C10","10uF","PCM_Capacitor_SMD_AKL:C_0603_1608Metric","~","2","","",""
"C5,C12,C13","100nF","PCM_Capacitor_SMD_AKL:C_0603_1608Metric","~","3","","",""
"C14","2.2nF","PCM_Capacitor_SMD_AKL:C_0603_1608Metric","~","1","","",""
"J1","Conn_01x08","Connector_PinHeader_2.54mm:PinHeader_1x08_P2.54mm_Vertical","~","1","","",""
"LED1","LED_0603","PCM_LED_SMD_AKL:LED_0603_1608Metric","~","1","","",""
"R1,R4,R5","4.7K","PCM_Resistor_SMD_AKL:R_0603_1608Metric","~","3","","",""
"R6","10K","PCM_Resistor_SMD_AKL:R_0603_1608Metric","~","1","","",""
"U1","SPX3819M5-L-3-3","Package_TO_SOT_SMD:SOT-23-5","https://www.exar.com/content/document.ashx?id=22106&languageid=1033&type=Datasheet&partnumber=SPX3819&filename=SPX3819.pdf&part=SPX3819","1","","",""
"U2","MPU-6050","Package_DFN_QFN:QFN-24-1EP_4x4mm_P0.5mm_EP2.7x2.7mm_ThermalVias","https://www.jlc-smt.com/lcsc/detail?componentCode=C24112","1","","",""
